assay_index	assay	sample	cell_line	replicate	study_variable_index	description	quantification_unit	location	scan_polarity	source_file	source_sheet	source_column	group_header_cell	replicate_header_cell
1	Ba/F3_1	Ba/F3_1	Ba/F3	1	1	Ba/F3, replicate 1	nmol/mg-protein	null	null	MPST000001.xlsx	Table 1	K	K3	K4
2	Ba/F3_2	Ba/F3_2	Ba/F3	2	1	Ba/F3, replicate 2	nmol/mg-protein	null	null	MPST000001.xlsx	Table 1	L	L3	L4
3	Ba/F3_3	Ba/F3_3	Ba/F3	3	1	Ba/F3, replicate 3	nmol/mg-protein	null	null	MPST000001.xlsx	Table 1	M	M3	M4
4	Ba/F3_4	Ba/F3_4	Ba/F3	4	1	Ba/F3, replicate 4	nmol/mg-protein	null	null	MPST000001.xlsx	Table 1	N	N3	N4
5	Ba/F3_5	Ba/F3_5	Ba/F3	5	1	Ba/F3, replicate 5	nmol/mg-protein	null	null	MPST000001.xlsx	Table 1	O	O3	O4
6	Tm63bnull_1	Tm63bnull_1	Tm63bnull	1	2	Tm63bnull, replicate 1	nmol/mg-protein	null	null	MPST000001.xlsx	Table 1	P	P3	P4
7	Tm63bnull_2	Tm63bnull_2	Tm63bnull	2	2	Tm63bnull, replicate 2	nmol/mg-protein	null	null	MPST000001.xlsx	Table 1	Q	Q3	Q4
8	Tm63bnull_3	Tm63bnull_3	Tm63bnull	3	2	Tm63bnull, replicate 3	nmol/mg-protein	null	null	MPST000001.xlsx	Table 1	R	R3	R4
9	Tm63bnull_4	Tm63bnull_4	Tm63bnull	4	2	Tm63bnull, replicate 4	nmol/mg-protein	null	null	MPST000001.xlsx	Table 1	S	S3	S4
10	Tm63bnull_5	Tm63bnull_5	Tm63bnull	5	2	Tm63bnull, replicate 5	nmol/mg-protein	null	null	MPST000001.xlsx	Table 1	T	T3	T4
11	Tm63bnull-mTMEM63B_1	Tm63bnull-mTMEM63B_1	Tm63bnull-mTMEM63B	1	3	Tm63bnull-mTMEM63B, replicate 1	nmol/mg-protein	null	null	MPST000001.xlsx	Table 1	U	U3	U4
12	Tm63bnull-mTMEM63B_2	Tm63bnull-mTMEM63B_2	Tm63bnull-mTMEM63B	2	3	Tm63bnull-mTMEM63B, replicate 2	nmol/mg-protein	null	null	MPST000001.xlsx	Table 1	V	V3	V4
13	Tm63bnull-mTMEM63B_3	Tm63bnull-mTMEM63B_3	Tm63bnull-mTMEM63B	3	3	Tm63bnull-mTMEM63B, replicate 3	nmol/mg-protein	null	null	MPST000001.xlsx	Table 1	W	W3	W4
14	Tm63bnull-mTMEM63B_4	Tm63bnull-mTMEM63B_4	Tm63bnull-mTMEM63B	4	3	Tm63bnull-mTMEM63B, replicate 4	nmol/mg-protein	null	null	MPST000001.xlsx	Table 1	X	X3	X4
15	Tm63bnull-mTMEM63B_5	Tm63bnull-mTMEM63B_5	Tm63bnull-mTMEM63B	5	3	Tm63bnull-mTMEM63B, replicate 5	nmol/mg-protein	null	null	MPST000001.xlsx	Table 1	Y	Y3	Y4
